<?xml version="1.0" encoding="utf-8" standalone="no" ?>
<crawler>
    <file name="$data/vehicles/moderfs20/82/crawlers/S700_drive.i3d" leftNode="2|1" rightNode="2|0"/>
    <scrollerNodes>
        <scrollerNode node="0" scrollSpeed="0.162" scrollLength="6.16" shaderParameterName="offsetUV" shaderParameterComponent="1"/>
    </scrollerNodes>
    <rotatingParts>
        <rotatingPart node="1" radius="0.52" />
        <rotatingPart node="2" radius="0.35" />
        <rotatingPart node="3" radius="0.35" />
        <rotatingPart node="4" radius="0.2" />
        <rotatingPart node="5" radius="0.2" />
        <rotatingPart node="6" radius="0.2" />
    </rotatingParts>
	<rimColorNodes>
        <rimColorNode node="1" shaderParameter="colorMat1"/>
        <rimColorNode node="2" shaderParameter="colorMat1"/>
        <rimColorNode node="3" shaderParameter="colorMat1"/>
        <rimColorNode node="4" shaderParameter="colorMat1"/>
        <rimColorNode node="5" shaderParameter="colorMat1"/>
        <rimColorNode node="6" shaderParameter="colorMat1"/>
    </rimColorNodes>
	<baseColorNodes>
        <baseColorNode node="1" shaderParameter="colorMat1"/>
    </baseColorNodes>
</crawler>