﻿<?xml version="1.0" encoding="utf-8" standalone="no" ?>
<modDesc descVersion="46">
    <author>Thumder</author>
    <version>1.0.0.0</version>
    <iconFilename>store.dds</iconFilename>
	<multiplayer supported="true"/>
	<title>
        <en>John Deere 8R</en>
        <de>John Deere 8R</de>
        <fr>John Deere 8R</fr>
    </title>
    <description>
        <en>John Deere 8R New Design</en>
        <de>John Deere 8R New Design</de>
        <fr>John Deere 8R New Design</fr>
    </description>
    <storeItems>
        <storeItem xmlFilename="series8R.xml"/>
    </storeItems>
</modDesc>
